{
  "l2rpn_2019":
  {
    "agent_results":
    {
      "do_nothing":
      {
        "num_steps": [231, 8063, 8063, 8063, 8063],
        "max_steps": [8064, 8064, 8064, 8064, 8064],
        "timesteps": [5.726552, 176.536189, 171.613758, 175.377498, 173.331715]
      },
      "reco_powerline":
      {
        "num_steps": [7487, 7775, 6911, 7775, 2524],
        "max_steps": [7488, 7776, 6912, 7776, 6336],
        "timesteps": [158.536141, 164.092019, 160.873128, 182.346099, 59.415719]
      },
      "topo_greedy":
      {
        "num_steps": [7487, 7775, 6911, 2530, 7775],
        "max_steps": [7488, 7776, 6912, 7776, 7776],
        "timesteps": [28689.337983, 30561.14131, 27350.590845, 12800.683691, 30584.696405]
      },
      "power_switch":
      {
        "num_steps": [6623, 3685, 8063, 6623, 7487],
        "max_steps": [6624, 7488, 8064, 6624, 7488],
        "timesteps": [3425.83507, 1804.535379, 4054.706035, 3493.011261, 3617.965313]
      }
    }
  },
  "l2rpn_case14_sandbox":
  {
    "agent_results":
    {
      "do_nothing":
      {
        "num_steps": [806, 3000, 2, 803, 512],
        "max_steps": [8064, 8064, 8064, 8064, 8064],
        "timesteps": [18.793486, 64.561457, 0.257119, 17.448832, 11.238127]
      },
      "reco_powerline":
      {
        "num_steps": [1271, 1260, 479, 2821, 514],
        "max_steps": [8064, 8064, 8064, 8064, 8064],
        "timesteps": [27.491142, 27.365732, 10.601466, 61.143494, 11.309828]
      },
      "topo_greedy":
      {
        "num_steps": [1305, 1018, 3599, 718, 5303],
        "max_steps": [8064, 8064, 8064, 8064, 8064],
        "timesteps": [5586.824276, 4337.843502, 19885.027508, 4314.927774, 27661.765457]
      },
      "power_switch":
      {
        "num_steps": [7163, 5009, 5126, 4715, 6719],
        "max_steps": [8064, 8064, 8064, 8064, 8064],
        "timesteps": [4452.148406, 3120.704827, 3209.371208, 2944.028621, 4137.961284]
      }
    }
  }
}